algorithm,function,dimension,interaction,value
DE,sphere,10,mutation_rand/1_x_crossover_binomial,-35.59016951286824
DE,sphere,10,mutation_rand/1_x_selection_greedy,-1.448494102440634e-15
DE,sphere,10,crossover_binomial_x_selection_greedy,-1.448494102440634e-15
DE,sphere,30,mutation_rand/1_x_crossover_binomial,-166.9069862359357
DE,sphere,30,mutation_rand/1_x_selection_greedy,-5.551115123125783e-15
DE,sphere,30,crossover_binomial_x_selection_greedy,-5.551115123125783e-15
DE,sphere,50,mutation_rand/1_x_crossover_binomial,-303.92075642635456
DE,sphere,50,mutation_rand/1_x_selection_greedy,1.7763568394002505e-15
DE,sphere,50,crossover_binomial_x_selection_greedy,1.7763568394002505e-15
DE,rosenbrock,10,mutation_rand/1_x_crossover_binomial,-126063.88093786294
DE,rosenbrock,10,mutation_rand/1_x_selection_greedy,3.2507330161024584e-13
DE,rosenbrock,10,crossover_binomial_x_selection_greedy,3.2507330161024584e-13
DE,rosenbrock,30,mutation_rand/1_x_crossover_binomial,-1275543.4903282633
DE,rosenbrock,30,mutation_rand/1_x_selection_greedy,-1.1141310096718371e-11
DE,rosenbrock,30,crossover_binomial_x_selection_greedy,-1.1141310096718371e-11
DE,rosenbrock,50,mutation_rand/1_x_crossover_binomial,-3219774.593281801
DE,rosenbrock,50,mutation_rand/1_x_selection_greedy,-8.36735125631094e-11
DE,rosenbrock,50,crossover_binomial_x_selection_greedy,-8.36735125631094e-11
DE,rastrigin,10,mutation_rand/1_x_crossover_binomial,-71.85699159512268
DE,rastrigin,10,mutation_rand/1_x_selection_greedy,0.0
DE,rastrigin,10,crossover_binomial_x_selection_greedy,0.0
DE,rastrigin,30,mutation_rand/1_x_crossover_binomial,-173.92950112084088
DE,rastrigin,30,mutation_rand/1_x_selection_greedy,0.0
DE,rastrigin,30,crossover_binomial_x_selection_greedy,0.0
DE,rastrigin,50,mutation_rand/1_x_crossover_binomial,-295.96483285491234
DE,rastrigin,50,mutation_rand/1_x_selection_greedy,0.0
DE,rastrigin,50,crossover_binomial_x_selection_greedy,0.0
DE,schwefel,10,mutation_rand/1_x_crossover_binomial,-1111.4122629168132
DE,schwefel,10,mutation_rand/1_x_selection_greedy,0.0
DE,schwefel,10,crossover_binomial_x_selection_greedy,0.0
DE,schwefel,30,mutation_rand/1_x_crossover_binomial,-1945.2098254713183
DE,schwefel,30,mutation_rand/1_x_selection_greedy,0.0
DE,schwefel,30,crossover_binomial_x_selection_greedy,0.0
DE,schwefel,50,mutation_rand/1_x_crossover_binomial,-2595.4392372885413
DE,schwefel,50,mutation_rand/1_x_selection_greedy,0.0
DE,schwefel,50,crossover_binomial_x_selection_greedy,0.0
DE,ackley,10,mutation_rand/1_x_crossover_binomial,-18.77265450026409
DE,ackley,10,mutation_rand/1_x_selection_greedy,-5.551115123125783e-17
DE,ackley,10,crossover_binomial_x_selection_greedy,-5.551115123125783e-17
DE,ackley,30,mutation_rand/1_x_crossover_binomial,-11.495817107575197
DE,ackley,30,mutation_rand/1_x_selection_greedy,0.0
DE,ackley,30,crossover_binomial_x_selection_greedy,0.0
DE,ackley,50,mutation_rand/1_x_crossover_binomial,-7.574084752238022
DE,ackley,50,mutation_rand/1_x_selection_greedy,0.0
DE,ackley,50,crossover_binomial_x_selection_greedy,0.0
DE,griewank,10,mutation_rand/1_x_crossover_binomial,-122.46955536120942
DE,griewank,10,mutation_rand/1_x_selection_greedy,-6.106226635438361e-16
DE,griewank,10,crossover_binomial_x_selection_greedy,-6.106226635438361e-16
DE,griewank,30,mutation_rand/1_x_crossover_binomial,-573.0296612886017
DE,griewank,30,mutation_rand/1_x_selection_greedy,-2.042810365310288e-14
DE,griewank,30,crossover_binomial_x_selection_greedy,-2.042810365310288e-14
DE,griewank,50,mutation_rand/1_x_crossover_binomial,-1043.4291106599505
DE,griewank,50,mutation_rand/1_x_selection_greedy,-1.4210854715202004e-14
DE,griewank,50,crossover_binomial_x_selection_greedy,-1.4210854715202004e-14
DE,levy,10,mutation_rand/1_x_crossover_binomial,-34.63531540923649
DE,levy,10,mutation_rand/1_x_selection_greedy,-1.6497220256539435e-15
DE,levy,10,crossover_binomial_x_selection_greedy,-1.6497220256539435e-15
DE,levy,30,mutation_rand/1_x_crossover_binomial,-202.83870343319853
DE,levy,30,mutation_rand/1_x_selection_greedy,-6.217248937900877e-15
DE,levy,30,crossover_binomial_x_selection_greedy,-6.217248937900877e-15
DE,levy,50,mutation_rand/1_x_crossover_binomial,-363.47733923792777
DE,levy,50,mutation_rand/1_x_selection_greedy,-1.0658141036401503e-14
DE,levy,50,crossover_binomial_x_selection_greedy,-1.0658141036401503e-14
DE,zakharov,10,mutation_rand/1_x_crossover_binomial,-1940.5696011779664
DE,zakharov,10,mutation_rand/1_x_selection_greedy,1.5487611193520934e-14
DE,zakharov,10,crossover_binomial_x_selection_greedy,1.5487611193520934e-14
DE,zakharov,30,mutation_rand/1_x_crossover_binomial,-388576354.59584117
DE,zakharov,30,mutation_rand/1_x_selection_greedy,1.0541469919189694e-08
DE,zakharov,30,crossover_binomial_x_selection_greedy,1.0541469919189694e-08
DE,zakharov,50,mutation_rand/1_x_crossover_binomial,-164646113536.5134
DE,zakharov,50,mutation_rand/1_x_selection_greedy,-6.281688968101662e-06
DE,zakharov,50,crossover_binomial_x_selection_greedy,-6.281688968101662e-06
DE,dixon_price,10,mutation_rand/1_x_crossover_binomial,-75028.52944171829
DE,dixon_price,10,mutation_rand/1_x_selection_greedy,-1.0464407118604413e-12
DE,dixon_price,10,crossover_binomial_x_selection_greedy,-1.0464407118604413e-12
DE,dixon_price,30,mutation_rand/1_x_crossover_binomial,-1697295.3847967053
DE,dixon_price,30,mutation_rand/1_x_selection_greedy,2.5011104298755527e-12
DE,dixon_price,30,crossover_binomial_x_selection_greedy,2.5011104298755527e-12
DE,dixon_price,50,mutation_rand/1_x_crossover_binomial,-5661668.769628164
DE,dixon_price,50,mutation_rand/1_x_selection_greedy,9.094947017729282e-11
DE,dixon_price,50,crossover_binomial_x_selection_greedy,9.094947017729282e-11
GA,sphere,10,selection_tournament_x_crossover_sbx,-1.5455829863163708
GA,sphere,10,selection_tournament_x_mutation_polynomial,-0.23883928114234895
GA,sphere,10,crossover_sbx_x_mutation_polynomial,30.13930951142961
GA,sphere,30,selection_tournament_x_crossover_sbx,-10.789597606486211
GA,sphere,30,selection_tournament_x_mutation_polynomial,-44.334468080994675
GA,sphere,30,crossover_sbx_x_mutation_polynomial,103.91180930226903
GA,sphere,50,selection_tournament_x_crossover_sbx,-37.722863631100324
GA,sphere,50,selection_tournament_x_mutation_polynomial,-107.9506190499319
GA,sphere,50,crossover_sbx_x_mutation_polynomial,146.83345946744595
GA,rosenbrock,10,selection_tournament_x_crossover_sbx,-763.6187119465017
GA,rosenbrock,10,selection_tournament_x_mutation_polynomial,-123.22232525382842
GA,rosenbrock,10,crossover_sbx_x_mutation_polynomial,121075.9904968257
GA,rosenbrock,30,selection_tournament_x_crossover_sbx,65217.30259276345
GA,rosenbrock,30,selection_tournament_x_mutation_polynomial,-152393.279469419
GA,rosenbrock,30,crossover_sbx_x_mutation_polynomial,1072762.9701448716
GA,rosenbrock,50,selection_tournament_x_crossover_sbx,327762.65385163826
GA,rosenbrock,50,selection_tournament_x_mutation_polynomial,-666025.4973419696
GA,rosenbrock,50,crossover_sbx_x_mutation_polynomial,2318309.792557694
GA,rastrigin,10,selection_tournament_x_crossover_sbx,-9.426078936932058
GA,rastrigin,10,selection_tournament_x_mutation_polynomial,-26.965912432409397
GA,rastrigin,10,crossover_sbx_x_mutation_polynomial,78.65086491024451
GA,rastrigin,30,selection_tournament_x_crossover_sbx,-105.16768864216502
GA,rastrigin,30,selection_tournament_x_mutation_polynomial,-102.16201433197628
GA,rastrigin,30,crossover_sbx_x_mutation_polynomial,197.79638767263606
GA,rastrigin,50,selection_tournament_x_crossover_sbx,-197.60025453482731
GA,rastrigin,50,selection_tournament_x_mutation_polynomial,-173.67333423175162
GA,rastrigin,50,crossover_sbx_x_mutation_polynomial,265.4657554893099
GA,schwefel,10,selection_tournament_x_crossover_sbx,-255.4394439618549
GA,schwefel,10,selection_tournament_x_mutation_polynomial,-648.9661378649017
GA,schwefel,10,crossover_sbx_x_mutation_polynomial,1582.3063088040594
GA,schwefel,30,selection_tournament_x_crossover_sbx,-2618.364031047024
GA,schwefel,30,selection_tournament_x_mutation_polynomial,-1897.2384308716046
GA,schwefel,30,crossover_sbx_x_mutation_polynomial,3331.1105001781134
GA,schwefel,50,selection_tournament_x_crossover_sbx,-4610.433134796005
GA,schwefel,50,selection_tournament_x_mutation_polynomial,-4419.478590819763
GA,schwefel,50,crossover_sbx_x_mutation_polynomial,4940.258367886973
GA,ackley,10,selection_tournament_x_crossover_sbx,-1.3152373758142688
GA,ackley,10,selection_tournament_x_mutation_polynomial,-8.104040809638574
GA,ackley,10,crossover_sbx_x_mutation_polynomial,6.2838606246781765
GA,ackley,30,selection_tournament_x_crossover_sbx,-6.175293889353382
GA,ackley,30,selection_tournament_x_mutation_polynomial,-8.56237526761192
GA,ackley,30,crossover_sbx_x_mutation_polynomial,-2.8630460729895777
GA,ackley,50,selection_tournament_x_crossover_sbx,-6.363948672306858
GA,ackley,50,selection_tournament_x_mutation_polynomial,-5.361938731967779
GA,ackley,50,crossover_sbx_x_mutation_polynomial,-3.546986504660509
GA,griewank,10,selection_tournament_x_crossover_sbx,-4.837855457729325
GA,griewank,10,selection_tournament_x_mutation_polynomial,-2.5528324056039837
GA,griewank,10,crossover_sbx_x_mutation_polynomial,103.90769962626203
GA,griewank,30,selection_tournament_x_crossover_sbx,-37.12043890132566
GA,griewank,30,selection_tournament_x_mutation_polynomial,-158.76239160483772
GA,griewank,30,crossover_sbx_x_mutation_polynomial,371.5593232406543
GA,griewank,50,selection_tournament_x_crossover_sbx,-130.01493358421953
GA,griewank,50,selection_tournament_x_mutation_polynomial,-347.93723180693473
GA,griewank,50,crossover_sbx_x_mutation_polynomial,489.38802434611296
GA,levy,10,selection_tournament_x_crossover_sbx,-0.19208031709657014
GA,levy,10,selection_tournament_x_mutation_polynomial,-2.6808641013614585
GA,levy,10,crossover_sbx_x_mutation_polynomial,27.94272329029279
GA,levy,30,selection_tournament_x_crossover_sbx,-23.676163975940092
GA,levy,30,selection_tournament_x_mutation_polynomial,-31.678217734747285
GA,levy,30,crossover_sbx_x_mutation_polynomial,144.1762893784848
GA,levy,50,selection_tournament_x_crossover_sbx,-47.40721782723185
GA,levy,50,selection_tournament_x_mutation_polynomial,-82.35889859542095
GA,levy,50,crossover_sbx_x_mutation_polynomial,242.879228767791
GA,zakharov,10,selection_tournament_x_crossover_sbx,22.462010379800184
GA,zakharov,10,selection_tournament_x_mutation_polynomial,-46.72256510899828
GA,zakharov,10,crossover_sbx_x_mutation_polynomial,1873.2289123241533
GA,zakharov,30,selection_tournament_x_crossover_sbx,91.2277921316006
GA,zakharov,30,selection_tournament_x_mutation_polynomial,-125.9450701833298
GA,zakharov,30,crossover_sbx_x_mutation_polynomial,388576206.2256069
GA,zakharov,50,selection_tournament_x_crossover_sbx,116276021.15837969
GA,zakharov,50,selection_tournament_x_mutation_polynomial,-116276040.51896133
GA,zakharov,50,crossover_sbx_x_mutation_polynomial,164529837399.68494
GA,dixon_price,10,selection_tournament_x_crossover_sbx,-532.0204108416801
GA,dixon_price,10,selection_tournament_x_mutation_polynomial,247.4995475290419
GA,dixon_price,10,crossover_sbx_x_mutation_polynomial,70300.10998314443
GA,dixon_price,30,selection_tournament_x_crossover_sbx,-7731.822966033513
GA,dixon_price,30,selection_tournament_x_mutation_polynomial,-224553.43121307838
GA,dixon_price,30,crossover_sbx_x_mutation_polynomial,1396606.1832001042
GA,dixon_price,50,selection_tournament_x_crossover_sbx,-108131.13558994519
GA,dixon_price,50,selection_tournament_x_mutation_polynomial,-1305302.6330004756
GA,dixon_price,50,crossover_sbx_x_mutation_polynomial,3909871.868587415
PSO,sphere,10,velocity_constriction_x_position_update,-27.031661151804983
PSO,sphere,10,velocity_constriction_x_topology_gbest,-3.487001851191131
PSO,sphere,10,position_update_x_topology_gbest,-3.487001851191131
PSO,sphere,30,velocity_constriction_x_position_update,-68.80828022417384
PSO,sphere,30,velocity_constriction_x_topology_gbest,-40.200526340181845
PSO,sphere,30,position_update_x_topology_gbest,-40.200526340181845
PSO,sphere,50,velocity_constriction_x_position_update,-110.25397367038083
PSO,sphere,50,velocity_constriction_x_topology_gbest,-84.94726956573088
PSO,sphere,50,position_update_x_topology_gbest,-84.94726956573088
PSO,rosenbrock,10,velocity_constriction_x_position_update,-115755.27074004323
PSO,rosenbrock,10,velocity_constriction_x_topology_gbest,-6669.410556409974
PSO,rosenbrock,10,position_update_x_topology_gbest,-6669.410556409974
PSO,rosenbrock,30,velocity_constriction_x_position_update,-801647.2079629907
PSO,rosenbrock,30,velocity_constriction_x_topology_gbest,-223021.59330679534
PSO,rosenbrock,30,position_update_x_topology_gbest,-223021.59330679534
PSO,rosenbrock,50,velocity_constriction_x_position_update,-1666985.9917576946
PSO,rosenbrock,50,velocity_constriction_x_topology_gbest,-827317.6002697698
PSO,rosenbrock,50,position_update_x_topology_gbest,-827317.6002697698
PSO,rastrigin,10,velocity_constriction_x_position_update,-44.95177717278354
PSO,rastrigin,10,velocity_constriction_x_topology_gbest,-7.1673466187808295
PSO,rastrigin,10,position_update_x_topology_gbest,-7.1673466187808295
PSO,rastrigin,30,velocity_constriction_x_position_update,-74.49146149615189
PSO,rastrigin,30,velocity_constriction_x_topology_gbest,-33.10924022214846
PSO,rastrigin,30,position_update_x_topology_gbest,-33.10924022214846
PSO,rastrigin,50,velocity_constriction_x_position_update,-121.97666755204074
PSO,rastrigin,50,velocity_constriction_x_topology_gbest,-62.015522303762225
PSO,rastrigin,50,position_update_x_topology_gbest,-62.015522303762225
PSO,schwefel,10,velocity_constriction_x_position_update,-1375.7914349779667
PSO,schwefel,10,velocity_constriction_x_topology_gbest,-179.7307952158734
PSO,schwefel,10,position_update_x_topology_gbest,-179.7307952158734
PSO,schwefel,30,velocity_constriction_x_position_update,-2695.557713247236
PSO,schwefel,30,velocity_constriction_x_topology_gbest,-611.5323697849694
PSO,schwefel,30,position_update_x_topology_gbest,-611.5323697849694
PSO,schwefel,50,velocity_constriction_x_position_update,-3546.16617146745
PSO,schwefel,50,velocity_constriction_x_topology_gbest,-792.4811629823907
PSO,schwefel,50,position_update_x_topology_gbest,-792.4811629823907
PSO,ackley,10,velocity_constriction_x_position_update,-4.222928389242256
PSO,ackley,10,velocity_constriction_x_topology_gbest,-1.5272077600905405
PSO,ackley,10,position_update_x_topology_gbest,-1.5272077600905405
PSO,ackley,30,velocity_constriction_x_position_update,-1.22701127193322
PSO,ackley,30,velocity_constriction_x_topology_gbest,-0.9731299952593577
PSO,ackley,30,position_update_x_topology_gbest,-0.9731299952593577
PSO,ackley,50,velocity_constriction_x_position_update,-0.9129784492779578
PSO,ackley,50,velocity_constriction_x_topology_gbest,-0.7815216289361011
PSO,ackley,50,position_update_x_topology_gbest,-0.7815216289361011
PSO,griewank,10,velocity_constriction_x_position_update,-92.68370655049486
PSO,griewank,10,velocity_constriction_x_topology_gbest,-11.759953333349637
PSO,griewank,10,position_update_x_topology_gbest,-11.759953333349637
PSO,griewank,30,velocity_constriction_x_position_update,-236.2344822495087
PSO,griewank,30,velocity_constriction_x_topology_gbest,-138.0175540425961
PSO,griewank,30,position_update_x_topology_gbest,-138.0175540425961
PSO,griewank,50,velocity_constriction_x_position_update,-378.52697869621085
PSO,griewank,50,velocity_constriction_x_topology_gbest,-291.64330524124495
PSO,griewank,50,position_update_x_topology_gbest,-291.64330524124495
PSO,levy,10,velocity_constriction_x_position_update,-25.134461832363215
PSO,levy,10,velocity_constriction_x_topology_gbest,-4.170563676456681
PSO,levy,10,position_update_x_topology_gbest,-4.170563676456681
PSO,levy,30,velocity_constriction_x_position_update,-87.76306000925484
PSO,levy,30,velocity_constriction_x_topology_gbest,-42.06191226305709
PSO,levy,30,position_update_x_topology_gbest,-42.06191226305709
PSO,levy,50,velocity_constriction_x_position_update,-129.0548947544971
PSO,levy,50,velocity_constriction_x_topology_gbest,-103.74834451771781
PSO,levy,50,position_update_x_topology_gbest,-103.74834451771781
PSO,zakharov,10,velocity_constriction_x_position_update,-1875.6627162957402
PSO,zakharov,10,velocity_constriction_x_topology_gbest,-16.487072631377597
PSO,zakharov,10,position_update_x_topology_gbest,-16.487072631377597
PSO,zakharov,30,velocity_constriction_x_position_update,-388575998.525584
PSO,zakharov,30,velocity_constriction_x_topology_gbest,29.86569420753841
PSO,zakharov,30,position_update_x_topology_gbest,29.86569420753841
PSO,zakharov,50,velocity_constriction_x_position_update,-164646112805.11127
PSO,zakharov,50,velocity_constriction_x_topology_gbest,90.27194506934745
PSO,zakharov,50,position_update_x_topology_gbest,90.27194506934745
PSO,dixon_price,10,velocity_constriction_x_position_update,-71406.76077932824
PSO,dixon_price,10,velocity_constriction_x_topology_gbest,-2126.700336200138
PSO,dixon_price,10,position_update_x_topology_gbest,-2126.700336200138
PSO,dixon_price,30,velocity_constriction_x_position_update,-1011241.4383214324
PSO,dixon_price,30,velocity_constriction_x_topology_gbest,-431895.85327589826
PSO,dixon_price,30,position_update_x_topology_gbest,-431895.85327589826
PSO,dixon_price,50,velocity_constriction_x_position_update,-2718548.5776467207
PSO,dixon_price,50,velocity_constriction_x_topology_gbest,-1851177.5170055632
PSO,dixon_price,50,position_update_x_topology_gbest,-1851177.5170055632
